frame_number,id,group_name,group_num,x,y,width,height,isDeputy,confidence,isGT,Pitch,Roll,Yaw
125,0,0,0,0.50347,0.34722,0.24306,0.32407,-1,1.00000,-1,-3.19241,-3.09515,-16.53512
131,0,0,0,0.50000,0.34259,0.24931,0.33148,-1,1.00000,-1,-7.13987,-0.82269,-18.20543
137,0,0,0,0.49514,0.34259,0.25903,0.34537,-1,1.00000,-1,-7.16379,-2.00364,-18.25592
143,0,0,0,0.49722,0.34722,0.25208,0.33611,-1,1.00000,-1,-3.18468,-2.89313,-15.66513
149,0,0,0,0.49167,0.32037,0.26458,0.35278,-1,1.00000,-1,-4.96586,-0.55899,-19.98134
155,0,0,0,0.49722,0.30833,0.26319,0.35093,-1,1.00000,-1,-3.53261,-1.00177,-17.85128
161,0,0,0,0.49722,0.30833,0.25972,0.34630,-1,1.00000,-1,-3.36350,-1.65722,-16.00112
167,0,0,0,0.49514,0.31944,0.26389,0.35185,-1,1.00000,-1,-5.77983,0.15258,-17.50114
173,0,0,0,0.49653,0.32222,0.26250,0.35093,-1,1.00000,-1,-5.44634,-1.23129,-17.89741
179,0,0,0,0.49931,0.31481,0.25347,0.33796,-1,1.00000,-1,-4.35565,0.72256,-18.12892
185,0,0,0,0.49583,0.30278,0.26181,0.34907,-1,1.00000,-1,-2.85501,-1.48590,-19.47308
191,0,0,0,0.49653,0.30000,0.26181,0.34907,-1,1.00000,-1,-2.34626,-2.36319,-20.16163
197,0,0,0,0.48889,0.31944,0.26944,0.35926,-1,1.00000,-1,-6.40798,-2.48751,-17.92075
203,0,0,0,0.49028,0.31944,0.26458,0.35278,-1,1.00000,-1,-5.85854,-0.13432,-20.30886
209,0,0,0,0.49931,0.32870,0.25417,0.33889,-1,1.00000,-1,-5.13005,-1.34993,-18.38180
215,0,0,0,0.51181,0.33796,0.22778,0.30370,-1,1.00000,-1,-3.21561,-2.39114,-17.60823
221,0,0,0,0.48750,0.32130,0.26736,0.35648,-1,1.00000,-1,-4.73501,-2.36006,-19.87045
227,0,0,0,0.50000,0.34722,0.24653,0.32870,-1,1.00000,-1,-5.42099,-3.51994,-16.28782
233,0,0,0,0.49097,0.34444,0.26389,0.35185,-1,1.00000,-1,-3.91965,-3.29020,-16.28415
239,0,0,0,0.48889,0.34074,0.26944,0.36019,-1,1.00000,-1,-5.29675,-3.04828,-16.04768
245,0,0,0,0.50278,0.36944,0.24306,0.32500,-1,1.00000,-1,-6.58842,-4.36850,-15.86847
251,0,0,0,0.49792,0.36759,0.24931,0.33241,-1,1.00000,-1,-5.78810,-4.39775,-15.41022
257,0,0,0,0.50208,0.37500,0.24236,0.32222,-1,1.00000,-1,-6.35070,-3.02952,-17.75048
263,0,0,0,0.50208,0.37315,0.24236,0.32315,-1,1.00000,-1,-6.72339,-3.51826,-16.44241
269,0,0,0,0.50139,0.37593,0.23958,0.31944,-1,1.00000,-1,-6.87885,-3.70212,-17.94796
275,0,0,0,0.49792,0.37222,0.24236,0.32315,-1,1.00000,-1,-6.39387,-3.51218,-18.74068
281,0,0,0,0.48403,0.31296,0.27778,0.37130,-1,1.00000,-1,-1.50369,-3.23881,-15.35850
287,0,0,0,0.48125,0.30370,0.27500,0.36667,-1,1.00000,-1,-6.96034,-1.01856,-21.02459
293,0,0,0,0.48889,0.32407,0.26181,0.35000,-1,1.00000,-1,-6.94157,-1.11978,-20.21704
299,0,0,0,0.49514,0.33333,0.25347,0.33704,-1,1.00000,-1,-2.51006,-6.22893,-16.03070
305,0,0,0,0.49236,0.32222,0.25278,0.33796,-1,1.00000,-1,-3.17093,-4.31142,-15.24086
311,0,0,0,0.48542,0.30278,0.26597,0.35463,-1,1.00000,-1,-4.61906,-1.42960,-19.82723
317,0,0,0,0.49236,0.31944,0.25278,0.33704,-1,1.00000,-1,-5.46020,-2.60896,-20.82139
323,0,0,0,0.49097,0.31759,0.25347,0.33796,-1,1.00000,-1,-3.30367,-4.13130,-18.01417
329,0,0,0,0.49167,0.31759,0.25417,0.33796,-1,1.00000,-1,-3.73607,-3.82004,-19.02772
335,0,0,0,0.49097,0.31759,0.25278,0.33704,-1,1.00000,-1,-4.27771,-2.93618,-16.82665
341,0,0,0,0.47986,0.31667,0.26667,0.35556,-1,1.00000,-1,-2.77946,-1.04882,-22.08536
347,0,0,0,0.51042,0.34907,0.24583,0.32870,-1,1.00000,-1,-2.17291,-1.16162,-17.90056
353,0,0,0,0.51389,0.34815,0.24931,0.33241,-1,1.00000,-1,-1.63519,1.07798,-16.48655
359,0,0,0,0.50972,0.35278,0.24931,0.33333,-1,1.00000,-1,-3.90513,-1.91739,-15.20096
365,0,0,0,0.50486,0.35556,0.24861,0.33148,-1,1.00000,-1,-2.75538,-2.45642,-15.23920
371,0,0,0,0.50069,0.35278,0.25208,0.33704,-1,1.00000,-1,-4.37510,-3.34821,-14.99825
377,0,0,0,0.49861,0.35093,0.25347,0.33889,-1,1.00000,-1,-5.56178,-3.09818,-15.26091
383,0,0,0,0.49514,0.34815,0.25764,0.34352,-1,1.00000,-1,-4.88288,-3.54114,-14.41183
389,0,0,0,0.48958,0.34259,0.26597,0.35463,-1,1.00000,-1,-2.69646,-3.00593,-13.00578
395,0,0,0,0.48750,0.34167,0.26875,0.35926,-1,1.00000,-1,-4.93879,-1.85792,-15.37573
401,0,0,0,0.48889,0.33889,0.26528,0.35370,-1,1.00000,-1,-5.27883,-2.72494,-13.72774
407,0,0,0,0.48611,0.31759,0.26528,0.35463,-1,1.00000,-1,-3.00996,-3.32626,-16.37794
413,0,0,0,0.48819,0.30093,0.27222,0.36204,-1,1.00000,-1,-6.74381,0.32386,-19.27619
419,0,0,0,0.48472,0.30463,0.27361,0.36389,-1,1.00000,-1,-6.81686,1.84816,-19.07720
425,0,0,0,0.49306,0.31389,0.26042,0.34815,-1,1.00000,-1,-3.97596,-1.35439,-15.20192
431,0,0,0,0.48542,0.31019,0.27778,0.37037,-1,1.00000,-1,-5.35634,-0.66592,-15.14465
437,0,0,0,0.48750,0.32963,0.26944,0.36019,-1,1.00000,-1,-6.45326,-0.59728,-15.68100
443,0,0,0,0.48681,0.32500,0.26875,0.35833,-1,1.00000,-1,-5.50783,-0.67970,-16.08867
449,0,0,0,0.48750,0.32037,0.27083,0.36204,-1,1.00000,-1,-5.84057,-1.55744,-15.21237
455,0,0,0,0.49236,0.32870,0.25625,0.34074,-1,1.00000,-1,-3.44679,-3.04408,-17.59931
461,0,0,0,0.49097,0.32315,0.25694,0.34259,-1,1.00000,-1,-4.20088,-2.39864,-17.77967
467,0,0,0,0.49653,0.32778,0.24514,0.32593,-1,1.00000,-1,-5.12093,-2.01361,-17.27070
473,0,0,0,0.48889,0.31852,0.26111,0.34907,-1,1.00000,-1,-6.26334,0.11815,-19.88964
479,0,0,0,0.48750,0.30370,0.27222,0.36389,-1,1.00000,-1,-5.47991,-0.90788,-14.29884
485,0,0,0,0.50278,0.29537,0.26250,0.35093,-1,1.00000,-1,-0.64385,-0.91573,-16.72022
491,0,0,0,0.49861,0.29167,0.26875,0.35833,-1,1.00000,-1,-2.56738,2.71449,-16.72922
497,0,0,0,0.49722,0.29907,0.26736,0.35648,-1,1.00000,-1,-3.21923,0.76977,-17.97570
503,0,0,0,0.49583,0.30000,0.26736,0.35648,-1,1.00000,-1,-1.86271,0.90457,-17.79810
509,0,0,0,0.50486,0.29630,0.26389,0.35185,-1,1.00000,-1,-0.77725,-0.32017,-15.72302
515,0,0,0,0.50417,0.29630,0.26111,0.34907,-1,1.00000,-1,-0.30123,-0.43078,-16.32239
521,0,0,0,0.50208,0.31852,0.26458,0.35278,-1,1.00000,-1,-4.32158,-1.42047,-16.77120
527,0,0,0,0.50347,0.34444,0.25208,0.33611,-1,1.00000,-1,-4.72083,-1.96463,-14.78863
533,0,0,0,0.43889,0.14630,0.21736,0.29074,-1,1.00000,-1,-3.44536,10.03581,-7.40661
539,0,0,0,0.43889,0.14630,0.22500,0.30093,-1,1.00000,-1,-5.97179,10.79875,-5.71910
545,0,0,0,0.44306,0.15278,0.22292,0.29815,-1,1.00000,-1,-3.41228,8.92911,-8.23818
551,0,0,0,0.44306,0.15648,0.22847,0.30463,-1,1.00000,-1,-3.64591,9.28007,-8.42807
557,0,0,0,0.44722,0.15926,0.22986,0.30648,-1,1.00000,-1,-3.53096,8.07651,-7.69898
563,0,0,0,0.45000,0.16204,0.23333,0.31111,-1,1.00000,-1,-3.35520,8.88629,-7.37697
569,0,0,0,0.45000,0.16667,0.23750,0.31667,-1,1.00000,-1,-3.55407,8.20645,-7.88197
575,0,0,0,0.45000,0.16852,0.24444,0.32500,-1,1.00000,-1,-2.79295,10.35211,-7.56824
581,0,0,0,0.45347,0.17130,0.24583,0.32778,-1,1.00000,-1,-2.10874,10.03594,-9.00207
587,0,0,0,0.45208,0.17222,0.25417,0.33796,-1,1.00000,-1,-4.55312,9.11420,-8.66012
593,0,0,0,0.45486,0.17593,0.25486,0.34074,-1,1.00000,-1,-2.84575,8.98528,-8.05579
599,0,0,0,0.45347,0.17870,0.26458,0.35278,-1,1.00000,-1,-4.83930,9.31735,-5.95182
605,0,0,0,0.45903,0.18241,0.26111,0.34815,-1,1.00000,-1,-3.04058,8.81985,-9.08662
611,0,0,0,0.45764,0.18519,0.27222,0.36389,-1,1.00000,-1,-6.42137,10.00543,-5.09319
617,0,0,0,0.46181,0.18981,0.27222,0.36389,-1,1.00000,-1,-5.73555,10.28407,-6.29296
623,0,0,0,0.45972,0.19074,0.28403,0.37870,-1,1.00000,-1,-4.48838,9.66998,-3.82086
629,0,0,0,0.46319,0.19630,0.28542,0.38056,-1,1.00000,-1,-5.70466,9.52231,-3.64771
635,0,0,0,0.46458,0.19630,0.28681,0.38333,-1,1.00000,-1,-4.10558,10.09422,-6.32168
641,0,0,0,0.46528,0.19630,0.29097,0.38796,-1,1.00000,-1,-3.54196,9.58791,-6.79182
647,0,0,0,0.46944,0.20185,0.29028,0.38611,-1,1.00000,-1,-3.22471,8.23073,-7.84188
653,0,0,0,0.46875,0.20556,0.29931,0.39907,-1,1.00000,-1,-4.13349,8.89341,-6.13737
659,0,0,0,0.47222,0.20741,0.30208,0.40278,-1,1.00000,-1,-3.68250,8.70116,-6.42710
665,0,0,0,0.47153,0.20741,0.30972,0.41296,-1,1.00000,-1,-4.81676,10.63462,-5.95624
671,0,0,0,0.47153,0.21389,0.31319,0.41759,-1,1.00000,-1,-5.10509,9.54892,-5.19562
677,0,0,0,0.47361,0.21481,0.31806,0.42407,-1,1.00000,-1,-5.45959,10.25098,-5.60924
683,0,0,0,0.47639,0.21759,0.32083,0.42778,-1,1.00000,-1,-3.59086,10.42780,-5.55848
689,0,0,0,0.47778,0.22315,0.32292,0.43056,-1,1.00000,-1,-5.33058,10.03851,-4.81573
695,0,0,0,0.47778,0.22315,0.33125,0.44167,-1,1.00000,-1,-5.34217,9.38780,-4.01685
701,0,0,0,0.47847,0.22778,0.33611,0.44815,-1,1.00000,-1,-6.02869,10.04362,-4.75278
707,0,0,0,0.48542,0.23241,0.33194,0.44352,-1,1.00000,-1,-4.08632,8.77725,-5.78279
713,0,0,0,0.48333,0.23333,0.34306,0.45648,-1,1.00000,-1,-5.00240,9.36428,-4.49884
719,0,0,0,0.48403,0.23333,0.34722,0.46389,-1,1.00000,-1,-4.35428,11.29775,-3.71213
725,0,0,0,0.48472,0.23426,0.34583,0.46204,-1,1.00000,-1,-3.49393,11.21233,-4.26782
731,0,0,0,0.48333,0.23333,0.34792,0.46389,-1,1.00000,-1,-4.83317,10.74116,-3.63091
737,0,0,0,0.48472,0.23426,0.34583,0.46111,-1,1.00000,-1,-3.49466,10.63723,-3.65314
743,0,0,0,0.48542,0.23426,0.34514,0.46019,-1,1.00000,-1,-3.67034,10.77286,-4.00804
749,0,0,0,0.48472,0.23426,0.34444,0.46019,-1,1.00000,-1,-3.54341,10.99118,-5.10699
755,0,0,0,0.40903,0.14907,0.14861,0.19815,-1,1.00000,-1,-8.78162,-5.20085,-21.65295
761,0,0,0,0.41389,0.15000,0.15208,0.20278,-1,1.00000,-1,-8.56966,-4.58587,-21.88169
767,0,0,0,0.41597,0.15000,0.15694,0.20926,-1,1.00000,-1,-10.49306,-5.08425,-20.42752
773,0,0,0,0.42014,0.14815,0.16111,0.21481,-1,1.00000,-1,-7.21388,-5.14803,-20.41295
779,0,0,0,0.42361,0.14907,0.16597,0.22037,-1,1.00000,-1,-8.91685,-4.21540,-20.08962
785,0,0,0,0.42917,0.14907,0.17014,0.22685,-1,1.00000,-1,-10.55390,-3.73160,-19.69789
791,0,0,0,0.43403,0.15093,0.16944,0.22593,-1,1.00000,-1,-7.86233,-4.94292,-20.45466
797,0,0,0,0.43750,0.15000,0.17361,0.23148,-1,1.00000,-1,-8.51117,-5.12675,-20.38073
803,0,0,0,0.44097,0.14907,0.17847,0.23796,-1,1.00000,-1,-6.39257,-5.47707,-19.20274
809,0,0,0,0.44583,0.15093,0.18264,0.24352,-1,1.00000,-1,-8.05289,-3.91018,-20.23393
815,0,0,0,0.45069,0.15093,0.18264,0.24352,-1,1.00000,-1,-6.95499,-5.09960,-20.00821
821,0,0,0,0.45625,0.15278,0.18472,0.24722,-1,1.00000,-1,-8.05005,-5.20863,-20.15068
827,0,0,0,0.46042,0.15185,0.18958,0.25278,-1,1.00000,-1,-7.62616,-5.38938,-19.79546
833,0,0,0,0.46458,0.15370,0.19167,0.25556,-1,1.00000,-1,-7.15437,-5.44622,-20.15334
839,0,0,0,0.46875,0.15463,0.19375,0.25833,-1,1.00000,-1,-8.03060,-5.32881,-20.76902
845,0,0,0,0.47292,0.15556,0.19653,0.26204,-1,1.00000,-1,-7.58518,-5.58992,-21.00356
851,0,0,0,0.47917,0.15741,0.19792,0.26296,-1,1.00000,-1,-7.73933,-5.67305,-22.02468
857,0,0,0,0.48194,0.15741,0.20278,0.26944,-1,1.00000,-1,-7.85160,-5.21897,-21.29222
863,0,0,0,0.48750,0.15926,0.20347,0.27222,-1,1.00000,-1,-7.56476,-3.90843,-22.18550
869,0,0,0,0.49167,0.15926,0.20764,0.27778,-1,1.00000,-1,-8.96339,-5.40370,-21.19664
875,0,0,0,0.49583,0.16019,0.20903,0.27963,-1,1.00000,-1,-7.32276,-4.30930,-21.23982
881,0,0,0,0.50000,0.16111,0.21250,0.28333,-1,1.00000,-1,-6.82749,-4.13705,-21.92657
887,0,0,0,0.50625,0.16204,0.21458,0.28611,-1,1.00000,-1,-8.40960,-5.34387,-22.01213
893,0,0,0,0.50972,0.16019,0.21944,0.29352,-1,1.00000,-1,-8.25519,-5.13262,-21.15927
899,0,0,0,0.51458,0.16389,0.22014,0.29352,-1,1.00000,-1,-8.21565,-3.52083,-23.29508
905,0,0,0,0.51806,0.16296,0.22500,0.30000,-1,1.00000,-1,-6.85083,-3.88662,-22.91212
911,0,0,0,0.52361,0.16667,0.22639,0.30185,-1,1.00000,-1,-7.01608,-3.27757,-22.05000
917,0,0,0,0.52778,0.16296,0.23194,0.30926,-1,1.00000,-1,-8.14012,-5.43903,-22.16641
923,0,0,0,0.53333,0.16667,0.23264,0.31019,-1,1.00000,-1,-6.89526,-4.60340,-23.87231
929,0,0,0,0.53750,0.16852,0.23403,0.31204,-1,1.00000,-1,-7.51217,-4.40005,-24.42199
935,0,0,0,0.44306,0.14259,0.04722,0.06296,-1,1.00000,-1,-2.41063,-15.32366,-58.22259
941,0,0,0,0.47639,0.15741,0.05069,0.06759,-1,1.00000,-1,8.65587,-16.60945,-32.62711
947,0,0,0,0.47778,0.13056,0.04792,0.06389,-1,1.00000,-1,-9.72622,-9.22063,-20.76723
953,0,0,0,0.47986,0.12407,0.05069,0.06759,-1,1.00000,-1,-7.54859,-4.75194,-13.11638
959,0,0,0,0.49653,0.12130,0.04861,0.06574,-1,1.00000,-1,4.82174,-9.09299,-38.03119
965,0,0,0,0.49236,0.11296,0.04931,0.06667,-1,1.00000,-1,-9.84646,-9.22899,-26.06355
971,0,0,0,0.48542,0.13519,0.04861,0.06481,-1,1.00000,-1,-3.98444,-5.24776,-27.72004
977,0,0,0,0.48681,0.13796,0.04514,0.06019,-1,1.00000,-1,-14.26984,-9.01050,-10.70500
983,0,0,0,0.51667,0.13611,0.04722,0.06296,-1,1.00000,-1,-9.84839,-8.11498,-24.36065
989,0,0,0,0.51319,0.14722,0.04792,0.06481,-1,1.00000,-1,-1.08899,-7.33864,-19.96642
995,0,0,0,0.50000,0.12963,0.04514,0.06111,-1,1.00000,-1,-5.41069,-13.63702,-20.56494
1001,0,0,0,0.50694,0.14074,0.04861,0.06481,-1,1.00000,-1,-12.50438,-10.64579,-16.61421
1007,0,0,0,0.50347,0.13241,0.05000,0.06759,-1,1.00000,-1,4.38324,-13.89904,-38.76997
1013,0,0,0,0.49722,0.12222,0.05208,0.06944,-1,1.00000,-1,11.69683,-24.83599,-73.61333
1025,0,0,0,0.24792,0.32037,0.03403,0.04537,-1,1.00000,-1,2.75840,7.88982,37.98893
1031,0,0,0,0.29028,0.33148,0.03264,0.04352,-1,1.00000,-1,1.82460,4.39147,34.60289
1043,0,0,0,0.36042,0.32963,0.03542,0.04722,-1,1.00000,-1,-6.57758,10.72707,28.53281
1049,0,0,0,0.40347,0.32963,0.03542,0.04815,-1,1.00000,-1,-0.56821,10.79734,39.51353
1055,0,0,0,0.43333,0.33241,0.03125,0.04167,-1,1.00000,-1,-7.52300,10.48263,34.06887
1061,0,0,0,0.45278,0.34537,0.03056,0.04074,-1,1.00000,-1,-16.37048,9.06004,31.19993
1073,0,0,0,0.48472,0.34074,0.02847,0.03796,-1,1.00000,-1,-8.56496,8.86919,52.22768
1079,0,0,0,0.48819,0.32685,0.03611,0.04815,-1,1.00000,-1,-5.47570,5.32615,25.84383
1085,0,0,0,0.49375,0.31019,0.04236,0.05648,-1,1.00000,-1,-4.91266,3.44643,16.38881
1091,0,0,0,0.50903,0.29815,0.04583,0.06019,-1,1.00000,-1,-2.44647,4.09505,4.39688
1097,0,0,0,0.52431,0.29722,0.04375,0.05833,-1,1.00000,-1,-5.57113,4.76042,5.48147
1103,0,0,0,0.53264,0.29907,0.04306,0.05833,-1,1.00000,-1,-0.20569,5.71540,7.07595
1109,0,0,0,0.52778,0.29815,0.04306,0.05833,-1,1.00000,-1,-1.83472,2.48150,0.30982
1115,0,0,0,0.51389,0.29722,0.04167,0.05556,-1,1.00000,-1,-3.22992,3.60518,10.72487
1121,0,0,0,0.38333,0.26574,0.15417,0.20556,-1,1.00000,-1,6.27501,0.33971,34.66975
1127,0,0,0,0.39236,0.26852,0.14653,0.19537,-1,1.00000,-1,8.63684,-0.37007,31.32937
1133,0,0,0,0.40139,0.26852,0.14514,0.19352,-1,1.00000,-1,10.10940,1.95220,38.63819
1139,0,0,0,0.40000,0.26481,0.15694,0.20926,-1,1.00000,-1,5.12958,0.70250,32.52648
1145,0,0,0,0.41181,0.28241,0.13958,0.18704,-1,1.00000,-1,2.51383,3.01392,36.14886
1151,0,0,0,0.41736,0.30000,0.14236,0.18889,-1,1.00000,-1,6.92572,8.21096,51.31818
1157,0,0,0,0.41458,0.29907,0.14097,0.18796,-1,1.00000,-1,3.80615,7.07744,50.66783
1163,0,0,0,0.40486,0.28796,0.14861,0.19815,-1,1.00000,-1,7.15481,7.10675,44.79000
1169,0,0,0,0.39444,0.27037,0.15347,0.20463,-1,1.00000,-1,8.50654,3.82463,39.41254
1175,0,0,0,0.39306,0.27315,0.13681,0.18241,-1,1.00000,-1,4.25365,2.61929,51.47350
1181,0,0,0,0.37569,0.26759,0.15625,0.20833,-1,1.00000,-1,11.50596,5.98103,43.53166
1187,0,0,0,0.37292,0.27407,0.15625,0.20833,-1,1.00000,-1,5.35145,1.11333,35.24410
1193,0,0,0,0.37778,0.27685,0.15000,0.20000,-1,1.00000,-1,5.99366,5.29140,39.62200
1199,0,0,0,0.37361,0.27407,0.15417,0.20463,-1,1.00000,-1,6.22151,5.61130,46.01715
1205,0,0,0,0.37500,0.27037,0.15000,0.20000,-1,1.00000,-1,3.89958,6.30117,47.21734
1211,0,0,0,0.37569,0.26759,0.14861,0.19815,-1,1.00000,-1,7.63143,6.39196,46.36423
1217,0,0,0,0.36875,0.26204,0.15972,0.21296,-1,1.00000,-1,10.02766,4.07778,39.93977
1223,0,0,0,0.36875,0.26574,0.15972,0.21296,-1,1.00000,-1,3.72439,3.43071,37.87747
1229,0,0,0,0.37292,0.26759,0.15069,0.20093,-1,1.00000,-1,2.12921,6.80654,39.85112
1235,0,0,0,0.37569,0.26019,0.15000,0.20000,-1,1.00000,-1,8.98945,2.44607,49.75995
1241,0,0,0,0.37778,0.26481,0.14583,0.19352,-1,1.00000,-1,5.91556,5.47906,61.03577
1247,0,0,0,0.37361,0.25926,0.15069,0.20093,-1,1.00000,-1,9.74616,5.04816,44.17103
1253,0,0,0,0.52986,0.36111,0.25069,0.33426,-1,1.00000,-1,-1.76477,-4.53593,-24.96022
1259,0,0,0,0.52569,0.35556,0.25486,0.33889,-1,1.00000,-1,-4.28722,0.82368,-17.93663
1265,0,0,0,0.52153,0.34722,0.26181,0.34907,-1,1.00000,-1,-2.89332,0.24344,-13.19270
1271,0,0,0,0.52153,0.35278,0.25972,0.34537,-1,1.00000,-1,-4.28940,-0.15410,-14.91217
1277,0,0,0,0.51736,0.35093,0.26181,0.34907,-1,1.00000,-1,-3.83637,-0.09331,-14.62433
1283,0,0,0,0.52569,0.36296,0.24931,0.33241,-1,1.00000,-1,-3.69817,-2.70878,-13.96204
1289,0,0,0,0.52083,0.35741,0.25625,0.34167,-1,1.00000,-1,-5.62956,-1.69037,-15.06285
1295,0,0,0,0.52222,0.35833,0.25486,0.33981,-1,1.00000,-1,-5.69828,-1.51935,-15.53780
1301,0,0,0,0.52222,0.35648,0.25417,0.33889,-1,1.00000,-1,-3.29484,-1.52597,-15.81577
1307,0,0,0,0.53750,0.35093,0.22222,0.29722,-1,1.00000,-1,-3.50177,1.82708,-17.88846
1313,0,0,0,0.51597,0.34074,0.26736,0.35556,-1,1.00000,-1,-3.10425,0.41551,-14.05385
1319,0,0,0,0.51944,0.33426,0.26111,0.34815,-1,1.00000,-1,-3.61490,1.11168,-17.37244
1325,0,0,0,0.51806,0.31574,0.26736,0.35648,-1,1.00000,-1,-1.37137,2.37272,-15.87032
1331,0,0,0,0.51250,0.32778,0.28194,0.37593,-1,1.00000,-1,-3.91151,-1.62943,-16.23848
1337,0,0,0,0.51736,0.34815,0.26667,0.35463,-1,1.00000,-1,-5.16200,-1.32651,-14.88000
1343,0,0,0,0.52083,0.34352,0.26528,0.35278,-1,1.00000,-1,-4.79946,-0.28069,-14.09028
1349,0,0,0,0.52639,0.35833,0.25139,0.33426,-1,1.00000,-1,-5.55870,-3.93571,-13.82299
1355,0,0,0,0.64375,0.18333,0.10903,0.14630,-1,1.00000,-1,-6.16951,1.98811,-0.31821
1355,1,0,0,0.35347,0.17778,0.09375,0.12593,-1,1.00000,-1,0.74694,-0.56966,-2.96190
1355,2,0,0,0.05347,0.12315,0.10347,0.13889,-1,1.00000,-1,-6.51232,2.53842,-6.00552
1361,0,0,0,0.62361,0.18333,0.10972,0.14630,-1,1.00000,-1,-5.27199,2.43263,-0.61185
1361,1,0,0,0.03403,0.12130,0.10625,0.14167,-1,1.00000,-1,-8.51280,0.66534,-0.68877
1361,2,0,0,0.33472,0.17870,0.09306,0.12407,-1,1.00000,-1,-1.43006,-0.24747,-2.31122
1361,3,0,0,0.94028,0.15463,0.09931,0.13241,-1,1.00000,-1,-7.52151,-2.76084,-42.71887
1367,0,0,0,0.60486,0.18426,0.10972,0.14630,-1,1.00000,-1,-6.84005,1.21041,-0.69116
1367,1,0,0,0.31528,0.17778,0.09444,0.12593,-1,1.00000,-1,0.26966,-1.30025,-3.13587
1367,2,0,0,0.01458,0.12222,0.10625,0.14259,-1,1.00000,-1,-5.67474,2.21309,-6.78184
1367,3,0,0,0.92014,0.15093,0.10208,0.13611,-1,1.00000,-1,1.81425,-2.61517,-12.68605
1373,0,0,0,0.58611,0.18333,0.10972,0.14630,-1,1.00000,-1,-6.59584,2.06540,-1.03583
1373,1,0,0,0.89931,0.14907,0.10556,0.14074,-1,1.00000,-1,-7.11366,-2.36138,0.79513
1373,2,0,0,-0.00347,0.12315,0.10486,0.14167,-1,1.00000,-1,-5.77274,2.22419,-5.52929
1373,3,0,0,0.29653,0.17870,0.09375,0.12500,-1,1.00000,-1,-1.64281,-0.29309,-2.01234
1379,0,0,0,0.56736,0.18333,0.10972,0.14537,-1,1.00000,-1,-5.67176,1.53579,0.03868
1379,1,0,0,0.88056,0.14907,0.10486,0.13981,-1,1.00000,-1,-6.55188,-1.58041,3.94308
1379,2,0,0,0.27778,0.17778,0.09375,0.12593,-1,1.00000,-1,-0.92155,-0.46906,-2.45748
1379,3,0,0,-0.02153,0.12685,0.10347,0.13796,-1,1.00000,-1,-4.93624,1.53890,10.23686
1385,0,0,0,0.54792,0.18333,0.10972,0.14722,-1,1.00000,-1,-6.66219,1.97986,-0.92991
1385,1,0,0,0.86181,0.14815,0.10417,0.13981,-1,1.00000,-1,-7.20997,-1.73338,2.13682
1385,2,0,0,0.25903,0.17870,0.09306,0.12407,-1,1.00000,-1,-1.68280,-0.00208,-2.31499
1385,3,0,0,-0.04097,0.12963,0.10139,0.13519,-1,1.00000,-1,-4.29363,0.72809,31.11153
1391,0,0,0,0.52917,0.18426,0.10972,0.14537,-1,1.00000,-1,-7.19213,0.98042,0.17162
1391,1,0,0,0.24028,0.17870,0.09306,0.12407,-1,1.00000,-1,1.57535,-0.72561,-3.22135
1391,2,0,0,0.84236,0.15000,0.10556,0.13981,-1,1.00000,-1,-7.50185,-1.28959,3.78136
1397,0,0,0,0.51042,0.18333,0.10972,0.14630,-1,1.00000,-1,-5.66630,2.17754,-0.90317
1397,1,0,0,0.82361,0.15000,0.10486,0.13889,-1,1.00000,-1,-7.17372,-1.53170,3.16787
1397,2,0,0,0.22153,0.17870,0.09236,0.12407,-1,1.00000,-1,-1.95202,-0.28022,-2.28853
1403,0,0,0,0.49097,0.18333,0.11042,0.14722,-1,1.00000,-1,-6.05877,2.06995,-1.29498
1403,1,0,0,0.80417,0.14722,0.10556,0.14074,-1,1.00000,-1,-6.21594,-2.11863,3.59961
1403,2,0,0,0.20208,0.17870,0.09306,0.12407,-1,1.00000,-1,-1.73764,0.02734,-1.73383
1409,0,0,0,0.47222,0.18426,0.10903,0.14630,-1,1.00000,-1,-6.38394,1.93993,-1.14472
1409,1,0,0,0.78542,0.14907,0.10625,0.14074,-1,1.00000,-1,-6.83946,-1.74330,4.30539
1409,2,0,0,0.18333,0.17870,0.09306,0.12407,-1,1.00000,-1,-1.14212,-0.31232,-1.51728
1415,0,0,0,0.45417,0.18426,0.10903,0.14444,-1,1.00000,-1,-5.17335,2.20967,0.04122
1415,1,0,0,0.76736,0.15000,0.10417,0.13889,-1,1.00000,-1,-7.59684,-1.85769,4.62176
1415,2,0,0,0.16458,0.17963,0.09236,0.12315,-1,1.00000,-1,1.11918,-0.20558,-2.44641
1421,0,0,0,0.43472,0.18426,0.10903,0.14444,-1,1.00000,-1,-5.28785,2.09903,0.10292
1421,1,0,0,0.74861,0.14907,0.10417,0.13889,-1,1.00000,-1,-6.53158,-0.86110,3.04687
1421,2,0,0,0.14514,0.17870,0.09375,0.12500,-1,1.00000,-1,0.16271,-1.29598,-2.67370
1427,0,0,0,0.41528,0.18333,0.11042,0.14722,-1,1.00000,-1,-6.54430,2.08737,-0.51165
1427,1,0,0,0.12639,0.17870,0.09375,0.12500,-1,1.00000,-1,-1.67102,-0.81892,-1.59529
1427,2,0,0,0.72847,0.14815,0.10556,0.14074,-1,1.00000,-1,-7.64059,-1.84631,4.36985
1433,0,0,0,0.39722,0.18426,0.10903,0.14537,-1,1.00000,-1,-5.30020,2.09869,-0.41334
1433,1,0,0,0.71042,0.14907,0.10486,0.14074,-1,1.00000,-1,-7.49949,-1.24712,4.02566
1433,2,0,0,0.10694,0.17778,0.09444,0.12593,-1,1.00000,-1,-0.50516,-1.40193,-2.51278
1439,0,0,0,0.37778,0.18241,0.11042,0.14815,-1,1.00000,-1,-4.94977,1.58217,-0.88894
1439,1,0,0,0.69097,0.15000,0.10556,0.14074,-1,1.00000,-1,-7.27079,-1.78233,3.88553
1439,2,0,0,0.08819,0.17870,0.09375,0.12407,-1,1.00000,-1,-1.85485,-0.48130,-2.01551
1445,0,0,0,0.35833,0.18333,0.10972,0.14630,-1,1.00000,-1,-5.31149,2.30867,-0.84510
1445,1,0,0,0.06944,0.17963,0.09236,0.12315,-1,1.00000,-1,-0.56849,0.29374,-2.19629
1445,2,0,0,0.67153,0.14815,0.10556,0.14074,-1,1.00000,-1,-7.84050,-1.44678,4.90258
1451,0,0,0,0.34028,0.18426,0.10903,0.14537,-1,1.00000,-1,-7.55996,1.30855,-0.19675
1451,1,0,0,0.05069,0.17870,0.09306,0.12407,-1,1.00000,-1,2.02088,-1.45729,-3.70741
1451,2,0,0,0.65347,0.15093,0.10417,0.13796,-1,1.00000,-1,-8.31270,-1.77000,3.92477
1457,0,0,0,0.32083,0.18241,0.11042,0.14722,-1,1.00000,-1,-5.53262,2.66295,-0.34289
1457,1,0,0,0.63403,0.14907,0.10625,0.14074,-1,1.00000,-1,-6.56186,-1.91615,3.69811
1457,2,0,0,0.03125,0.17870,0.09444,0.12500,-1,1.00000,-1,-1.24437,-0.29510,-1.94934
1463,0,0,0,0.30139,0.18333,0.10972,0.14722,-1,1.00000,-1,-5.90442,2.03305,-0.96706
1463,1,0,0,0.01319,0.17963,0.09236,0.12315,-1,1.00000,-1,-2.54509,-0.48336,-2.29863
1463,2,0,0,0.61528,0.14907,0.10486,0.13981,-1,1.00000,-1,-8.99442,-0.92051,5.79151
1469,0,0,0,0.28194,0.18241,0.11111,0.14815,-1,1.00000,-1,-5.22993,2.38269,-0.68425
1469,1,0,0,-0.00486,0.17870,0.09167,0.12407,-1,1.00000,-1,0.41299,-1.80360,-2.43075
1469,2,0,0,0.59653,0.14907,0.10486,0.13981,-1,1.00000,-1,-6.09232,-1.24889,4.14599
1469,3,0,0,0.94375,0.10463,0.09722,0.12870,-1,1.00000,-1,3.49029,2.94577,-31.25535
1475,0,0,0,0.26458,0.18333,0.10903,0.14630,-1,1.00000,-1,-6.81539,1.46751,-0.44709
1475,1,0,0,0.57708,0.14907,0.10556,0.14074,-1,1.00000,-1,-5.93882,-1.98006,3.38391
1475,2,0,0,-0.02431,0.17963,0.09306,0.12593,-1,1.00000,-1,1.72530,-1.12918,15.18115
1475,3,0,0,0.92431,0.09722,0.10347,0.13889,-1,1.00000,-1,0.35715,5.12265,-19.81787
1481,0,0,0,0.24583,0.18426,0.10833,0.14444,-1,1.00000,-1,-6.68138,1.94855,-1.00938
1481,1,0,0,0.90208,0.09352,0.10972,0.14630,-1,1.00000,-1,-0.23509,5.57591,-5.21990
1481,2,0,0,0.55903,0.14907,0.10486,0.13981,-1,1.00000,-1,-6.81284,-1.17455,4.91515
1481,3,0,0,-0.03472,0.18611,0.08472,0.11296,-1,1.00000,-1,-20.40960,-6.17062,16.30117
1487,0,0,0,0.22639,0.18333,0.10972,0.14722,-1,1.00000,-1,-6.24497,1.88965,-1.02131
1487,1,0,0,0.88333,0.09352,0.10903,0.14537,-1,1.00000,-1,-2.48533,5.83476,3.18988
1487,2,0,0,0.53889,0.14815,0.10556,0.14074,-1,1.00000,-1,-8.93822,-1.27075,5.05187
1493,0,0,0,0.20764,0.18426,0.10903,0.14444,-1,1.00000,-1,-4.65879,2.64245,-0.85122
1493,1,0,0,0.86389,0.09352,0.10972,0.14630,-1,1.00000,-1,-3.96511,4.28597,2.33903
1493,2,0,0,0.52153,0.15093,0.10347,0.13796,-1,1.00000,-1,-7.97958,-1.79930,5.37062
1499,0,0,0,0.18819,0.18333,0.10972,0.14630,-1,1.00000,-1,-5.53729,1.83341,-0.82638
1499,1,0,0,0.50139,0.14815,0.10625,0.14167,-1,1.00000,-1,-7.40949,-1.69142,3.96898
1499,2,0,0,0.84514,0.09259,0.10972,0.14722,-1,1.00000,-1,-3.04363,4.89261,2.18364
1505,0,0,0,0.16944,0.18333,0.11042,0.14722,-1,1.00000,-1,-4.67869,2.13153,-0.61331
1505,1,0,0,0.82639,0.09259,0.10903,0.14537,-1,1.00000,-1,-4.54334,4.31424,1.89700
1505,2,0,0,0.48264,0.14815,0.10486,0.13981,-1,1.00000,-1,-6.27161,-1.89092,2.26164
1511,0,0,0,0.15069,0.18426,0.10903,0.14537,-1,1.00000,-1,-6.33728,1.77259,-0.72798
1511,1,0,0,0.46389,0.14907,0.10486,0.13981,-1,1.00000,-1,-7.10480,-1.13128,4.73458
1511,2,0,0,0.80694,0.09259,0.11042,0.14722,-1,1.00000,-1,-2.50139,4.89392,2.92976
1517,0,0,0,0.13194,0.18333,0.10972,0.14630,-1,1.00000,-1,-5.34326,1.94919,-0.20789
1517,1,0,0,0.44514,0.14907,0.10556,0.14074,-1,1.00000,-1,-6.62360,-1.77321,5.47781
1517,2,0,0,0.78750,0.09259,0.11042,0.14722,-1,1.00000,-1,-3.40312,4.63721,1.95311
1523,0,0,0,0.11250,0.18333,0.10972,0.14630,-1,1.00000,-1,-4.87371,2.39182,-0.89762
1523,1,0,0,0.42639,0.14907,0.10486,0.13981,-1,1.00000,-1,-6.79728,-2.12340,4.05221
1523,2,0,0,0.76944,0.09259,0.10972,0.14630,-1,1.00000,-1,-1.66788,5.09233,3.98930
1529,0,0,0,0.09306,0.18241,0.11111,0.14815,-1,1.00000,-1,-5.27489,2.49109,-1.07762
1529,1,0,0,0.75000,0.09352,0.10903,0.14537,-1,1.00000,-1,-4.83939,4.94114,2.79937
1529,2,0,0,0.40694,0.14907,0.10486,0.13981,-1,1.00000,-1,-7.71054,-0.94692,3.60812
1535,0,0,0,0.07569,0.18426,0.10833,0.14444,-1,1.00000,-1,-6.00575,2.14140,0.15761
1535,1,0,0,0.73194,0.09444,0.10833,0.14444,-1,1.00000,-1,-5.14863,4.25441,1.61899
1535,2,0,0,0.38819,0.15000,0.10486,0.13981,-1,1.00000,-1,-6.50193,-2.04960,3.98070
1541,0,0,0,0.05556,0.18333,0.10972,0.14630,-1,1.00000,-1,-4.68626,2.16407,-0.82652
1541,1,0,0,0.36944,0.15000,0.10417,0.13889,-1,1.00000,-1,-7.07078,-2.03436,2.33234
1541,2,0,0,0.71250,0.09444,0.10903,0.14444,-1,1.00000,-1,-5.15576,4.08279,2.00580
1547,0,0,0,0.03681,0.18426,0.10903,0.14537,-1,1.00000,-1,-6.29924,1.93900,-0.77584
1547,1,0,0,0.34931,0.14722,0.10694,0.14259,-1,1.00000,-1,-6.50368,-1.84088,2.89243
1547,2,0,0,0.69375,0.09352,0.10903,0.14537,-1,1.00000,-1,-4.65867,4.89642,2.49636
1553,0,0,0,0.01806,0.18333,0.10903,0.14537,-1,1.00000,-1,-5.34947,2.80358,-0.61550
1553,1,0,0,0.67500,0.09352,0.10833,0.14444,-1,1.00000,-1,-3.78705,4.46923,2.62794
1553,2,0,0,0.33264,0.15093,0.10347,0.13796,-1,1.00000,-1,-8.92248,-1.35084,4.91068
1559,0,0,0,0.00000,0.18426,0.10903,0.14537,-1,1.00000,-1,-4.98104,3.57442,1.16433
1559,1,0,0,0.31250,0.14907,0.10556,0.14074,-1,1.00000,-1,-7.37734,-1.78248,3.79920
1559,2,0,0,0.65625,0.09352,0.10903,0.14537,-1,1.00000,-1,-3.79509,4.43485,2.70138
1565,0,0,0,-0.01875,0.18426,0.10903,0.14537,-1,1.00000,-1,2.03216,4.34896,17.86116
1565,1,0,0,0.63750,0.09352,0.10833,0.14444,-1,1.00000,-1,-4.71563,4.19959,2.34095
1565,2,0,0,0.29306,0.14815,0.10556,0.14074,-1,1.00000,-1,-6.07525,-0.96191,4.63300
1571,0,0,0,0.27431,0.14907,0.10556,0.13981,-1,1.00000,-1,-7.18259,-1.38155,4.72563
1571,1,0,0,0.61806,0.09352,0.10903,0.14537,-1,1.00000,-1,-5.10570,4.72884,2.44378
1571,2,0,0,-0.03611,0.18426,0.10833,0.14537,-1,1.00000,-1,-3.85940,2.99115,23.59233
1577,0,0,0,0.25556,0.14815,0.10556,0.14167,-1,1.00000,-1,-8.99934,-0.82802,5.66995
1577,1,0,0,0.59861,0.09259,0.11042,0.14722,-1,1.00000,-1,-2.20833,4.75522,3.85296
1583,0,0,0,0.57986,0.09259,0.10972,0.14630,-1,1.00000,-1,-3.49739,4.92505,3.24279
1583,1,0,0,0.23611,0.14815,0.10625,0.14167,-1,1.00000,-1,-6.91765,-1.87166,4.20908
1583,2,0,0,0.93264,0.14352,0.10486,0.13889,-1,1.00000,-1,7.25250,-3.33887,-23.81392
1589,0,0,0,0.56042,0.09259,0.10972,0.14630,-1,1.00000,-1,-2.14620,4.82975,2.91118
1589,1,0,0,0.21736,0.14815,0.10556,0.14074,-1,1.00000,-1,-8.18316,-1.40612,5.11817
1589,2,0,0,0.91250,0.13611,0.11111,0.14907,-1,1.00000,-1,4.61073,-4.52033,-8.19922
1595,0,0,0,0.19792,0.14907,0.10694,0.14167,-1,1.00000,-1,-8.51709,-1.81435,4.37448
1595,1,0,0,0.89375,0.13796,0.10972,0.14630,-1,1.00000,-1,-2.68442,-2.40393,9.85446
1595,2,0,0,0.54167,0.09352,0.10972,0.14630,-1,1.00000,-1,-2.99495,4.86268,1.78208
1601,0,0,0,0.17986,0.14907,0.10486,0.13981,-1,1.00000,-1,-7.01479,-1.56062,5.35983
1601,1,0,0,0.87500,0.13796,0.10903,0.14630,-1,1.00000,-1,0.59777,-1.54765,8.02656
1601,2,0,0,0.52361,0.09444,0.10833,0.14444,-1,1.00000,-1,-5.06265,4.80951,2.58537
1607,0,0,0,0.16042,0.14815,0.10556,0.13981,-1,1.00000,-1,-6.65797,-2.21098,3.45423
1607,1,0,0,0.85486,0.13611,0.11181,0.14907,-1,1.00000,-1,0.36900,0.27935,7.33841
1607,2,0,0,0.50417,0.09352,0.10903,0.14537,-1,1.00000,-1,-3.85862,4.60281,2.41090
1613,0,0,0,0.48542,0.09352,0.10903,0.14537,-1,1.00000,-1,-4.04571,4.80373,3.27529
1613,1,0,0,0.83681,0.13704,0.11042,0.14722,-1,1.00000,-1,-2.82243,-0.91132,10.68144
1613,2,0,0,0.14167,0.14907,0.10556,0.14074,-1,1.00000,-1,-7.40227,-1.88564,2.17093
1619,0,0,0,0.12361,0.14907,0.10417,0.13981,-1,1.00000,-1,-7.09129,-1.85852,3.93530
1619,1,0,0,0.81736,0.13796,0.11042,0.14722,-1,1.00000,-1,-2.27416,-0.69049,9.76351
1619,2,0,0,0.46667,0.09444,0.10833,0.14444,-1,1.00000,-1,-3.63873,4.35990,2.41416
1625,0,0,0,0.45347,0.09352,0.10903,0.14630,-1,1.00000,-1,-4.18157,3.68888,1.80814
1625,1,0,0,0.80625,0.13981,0.10694,0.14352,-1,1.00000,-1,-1.07159,-2.21148,9.23672
1625,2,0,0,0.11042,0.15000,0.10417,0.13981,-1,1.00000,-1,-7.33985,-1.25233,3.69847
1631,0,0,0,0.45347,0.09444,0.10833,0.14444,-1,1.00000,-1,-4.50058,4.54679,2.19169
1631,1,0,0,0.80625,0.13981,0.10764,0.14352,-1,1.00000,-1,-1.60927,-1.81809,9.71904
1631,2,0,0,0.11042,0.15093,0.10347,0.13796,-1,1.00000,-1,-6.70720,-2.39446,3.83363
1637,0,0,0,0.80625,0.13981,0.10764,0.14352,-1,1.00000,-1,-1.26310,-1.97026,9.24115
1637,1,0,0,0.45278,0.09352,0.10972,0.14630,-1,1.00000,-1,-3.39373,4.50372,2.51929
1637,2,0,0,0.10972,0.15000,0.10486,0.13889,-1,1.00000,-1,-6.23963,-1.95779,4.03182
1643,0,0,0,0.45278,0.09352,0.10972,0.14630,-1,1.00000,-1,-4.03987,3.75769,1.83359
1643,1,0,0,0.80625,0.13981,0.10764,0.14352,-1,1.00000,-1,-1.27526,-1.81708,9.21142
1643,2,0,0,0.11042,0.15000,0.10417,0.13889,-1,1.00000,-1,-6.07814,-2.13742,4.03126
1649,0,0,0,0.45347,0.09444,0.10833,0.14537,-1,1.00000,-1,-4.22431,4.02479,2.42111
1649,1,0,0,0.80625,0.13981,0.10764,0.14444,-1,1.00000,-1,-1.40508,-1.73918,9.13033
1649,2,0,0,0.11042,0.15000,0.10417,0.13889,-1,1.00000,-1,-7.03004,-1.77890,3.83075
1655,0,0,0,0.45347,0.09444,0.10833,0.14537,-1,1.00000,-1,-4.60598,4.24574,2.96906
1655,1,0,0,0.80625,0.14074,0.10764,0.14352,-1,1.00000,-1,-0.54031,-1.87126,9.01406
1655,2,0,0,0.11042,0.15093,0.10347,0.13796,-1,1.00000,-1,-8.04693,-1.10683,3.15011
1661,0,0,0,0.45278,0.09352,0.10972,0.14537,-1,1.00000,-1,-2.98929,4.24036,2.50025
1661,1,0,0,0.11042,0.15093,0.10417,0.13796,-1,1.00000,-1,-8.02590,-0.99825,3.28506
1661,2,0,0,0.80625,0.14074,0.10764,0.14259,-1,1.00000,-1,-0.72353,-2.04028,9.24108
1667,0,0,0,0.45278,0.09444,0.10903,0.14444,-1,1.00000,-1,-4.03311,4.46883,2.51594
1667,1,0,0,0.11042,0.15000,0.10417,0.13889,-1,1.00000,-1,-6.89719,-1.68065,3.36016
1667,2,0,0,0.80625,0.13981,0.10764,0.14352,-1,1.00000,-1,-0.41530,-1.93857,9.00742
1673,0,0,0,0.45347,0.09444,0.10903,0.14537,-1,1.00000,-1,-3.12454,4.11945,1.98372
1673,1,0,0,0.80625,0.13981,0.10764,0.14444,-1,1.00000,-1,-1.27275,-2.23950,9.12557
1673,2,0,0,0.11042,0.15093,0.10347,0.13796,-1,1.00000,-1,-6.90303,-1.56264,3.94709
1679,0,0,0,0.50417,0.32685,0.25556,0.34074,-1,1.00000,-1,-2.19631,-5.60473,-16.54567
1685,0,0,0,0.50208,0.27963,0.26875,0.35833,-1,1.00000,-1,0.35229,-4.01129,-17.60614
1691,0,0,0,0.49861,0.27685,0.27569,0.36759,-1,1.00000,-1,0.29187,-2.59413,-20.50747
1697,0,0,0,0.50347,0.31944,0.26667,0.35556,-1,1.00000,-1,-4.39408,-2.08731,-20.91113
1703,0,0,0,0.50417,0.31944,0.26806,0.35833,-1,1.00000,-1,-3.58933,-1.62848,-17.21937
1709,0,0,0,0.50556,0.31944,0.25833,0.34352,-1,1.00000,-1,-4.26473,-0.96975,-18.07287
1715,0,0,0,0.50347,0.31389,0.26319,0.35093,-1,1.00000,-1,-4.09882,-1.06697,-16.80484
1721,0,0,0,0.50764,0.32315,0.25556,0.34074,-1,1.00000,-1,-1.21136,-3.12808,-18.34780
1727,0,0,0,0.50625,0.32037,0.25833,0.34537,-1,1.00000,-1,-4.26123,-2.63601,-16.85890
1733,0,0,0,0.50764,0.32222,0.25625,0.34167,-1,1.00000,-1,-3.62123,-1.59548,-19.71175
1739,0,0,0,0.50903,0.29630,0.27083,0.36019,-1,1.00000,-1,-4.40857,-1.11552,-13.60088
1745,0,0,0,0.50764,0.31111,0.27153,0.36204,-1,1.00000,-1,-2.74921,-1.46501,-15.77684
1751,0,0,0,0.50417,0.30648,0.27361,0.36481,-1,1.00000,-1,-2.34794,-0.16234,-15.58165
1757,0,0,0,0.50417,0.30370,0.27361,0.36481,-1,1.00000,-1,-2.79507,0.04111,-16.90610
1763,0,0,0,0.51250,0.30370,0.26667,0.35648,-1,1.00000,-1,-3.15577,1.49835,-18.03402
1769,0,0,0,0.50833,0.31019,0.27014,0.36111,-1,1.00000,-1,-1.92881,1.78749,-16.41282
1775,0,0,0,0.51111,0.32500,0.26528,0.35370,-1,1.00000,-1,-3.47142,0.43363,-16.56212
1781,0,0,0,0.51528,0.32963,0.25764,0.34352,-1,1.00000,-1,-2.53965,0.83216,-17.66430
1787,0,0,0,0.50903,0.32315,0.26806,0.35741,-1,1.00000,-1,-4.83415,-0.36865,-17.14027
1793,0,0,0,0.51319,0.33148,0.26042,0.34722,-1,1.00000,-1,-4.00958,-2.37930,-17.74219
1799,0,0,0,0.51181,0.31667,0.26528,0.35370,-1,1.00000,-1,-3.07891,-0.91223,-16.84714
1805,0,0,0,0.51736,0.29167,0.26042,0.34815,-1,1.00000,-1,0.82180,2.04969,-17.18671
1811,0,0,0,0.50347,0.30185,0.27778,0.37037,-1,1.00000,-1,-4.06306,-2.43885,-17.72147
1817,0,0,0,0.51042,0.32130,0.26597,0.35463,-1,1.00000,-1,-2.48285,0.62876,-17.68838
1823,0,0,0,0.50347,0.29537,0.27986,0.37315,-1,1.00000,-1,-0.97413,1.41881,-19.04697
1829,0,0,0,0.50764,0.30741,0.26875,0.35833,-1,1.00000,-1,-2.55256,0.98671,-16.83866
1835,0,0,0,0.50556,0.30000,0.26944,0.35833,-1,1.00000,-1,-2.12951,2.13890,-18.80415
1841,0,0,0,0.50764,0.32500,0.26181,0.35000,-1,1.00000,-1,-2.82703,3.00147,-22.77475
1847,0,0,0,0.50625,0.33148,0.26389,0.35185,-1,1.00000,-1,-5.77286,2.45663,-23.89249
1853,0,0,0,0.51042,0.33704,0.25694,0.34259,-1,1.00000,-1,-2.97747,-0.72813,-20.88824
1859,0,0,0,0.50903,0.32222,0.25972,0.34630,-1,1.00000,-1,-5.17486,3.61555,-23.92285
