frame_number,id,group_name,group_num,x,y,width,height,isDeputy,confidence,isGT,debug_data
125,3,none,3,0.48611,0.02037,0.36111,0.72222,-1,-1,1,-1
131,3,none,3,0.48264,0.01481,0.37986,0.73426,-1,-1,1,-1
137,3,none,3,0.47431,0.02037,0.37500,0.73056,-1,-1,1,-1
143,3,none,3,0.47500,0.02685,0.37014,0.71111,-1,-1,1,-1
149,3,none,3,0.48264,0.02407,0.36944,0.70833,-1,-1,1,-1
155,3,none,3,0.47292,0.01852,0.39028,0.70741,-1,-1,1,-1
161,3,none,3,0.48681,0.01204,0.36528,0.71296,-1,-1,1,-1
167,3,none,3,0.48611,0.01852,0.35972,0.68981,-1,-1,1,-1
173,3,none,3,0.48472,0.02037,0.36528,0.72315,-1,-1,1,-1
179,3,none,3,0.48472,0.01574,0.36806,0.72222,-1,-1,1,-1
185,3,none,3,0.48611,0.01852,0.36181,0.73704,-1,-1,1,-1
191,3,none,3,0.48819,0.02685,0.36667,0.67222,-1,-1,1,-1
197,3,none,3,0.47639,0.01574,0.37361,0.70741,-1,-1,1,-1
203,3,none,3,0.48611,0.01852,0.35833,0.71111,-1,-1,1,-1
209,3,none,3,0.47847,0.02037,0.38958,0.70463,-1,-1,1,-1
215,3,none,3,0.47847,0.01852,0.37361,0.71667,-1,-1,1,-1
221,3,none,3,0.47778,0.02222,0.37639,0.71944,-1,-1,1,-1
227,3,none,3,0.47986,0.01204,0.36944,0.71296,-1,-1,1,-1
233,3,none,3,0.47847,0.02963,0.37778,0.71944,-1,-1,1,-1
239,3,none,3,0.48125,0.02407,0.36667,0.72778,-1,-1,1,-1
245,3,none,3,0.47639,0.02685,0.37292,0.73796,-1,-1,1,-1
251,3,none,3,0.47014,0.02685,0.38125,0.71667,-1,-1,1,-1
257,3,none,3,0.47986,0.02407,0.36111,0.74074,-1,-1,1,-1
263,3,none,3,0.47639,0.02963,0.36319,0.71667,-1,-1,1,-1
269,3,none,3,0.46944,0.03056,0.36806,0.72222,-1,-1,1,-1
275,3,none,3,0.46806,0.02407,0.39444,0.72778,-1,-1,1,-1
281,3,none,3,0.47292,0.01574,0.36806,0.71944,-1,-1,1,-1
287,3,none,3,0.47778,0.01852,0.37014,0.69815,-1,-1,1,-1
293,3,none,3,0.46667,0.01574,0.38125,0.72778,-1,-1,1,-1
299,3,none,3,0.48264,0.01574,0.35486,0.71667,-1,-1,1,-1
305,3,none,3,0.47431,0.01481,0.36528,0.73148,-1,-1,1,-1
311,3,none,3,0.47847,0.01481,0.36181,0.70093,-1,-1,1,-1
317,3,none,3,0.47778,0.01852,0.36528,0.73426,-1,-1,1,-1
323,3,none,3,0.47500,0.01481,0.35972,0.71111,-1,-1,1,-1
329,3,none,3,0.46944,0.01204,0.39167,0.71111,-1,-1,1,-1
335,3,none,3,0.47778,0.02037,0.36111,0.71574,-1,-1,1,-1
341,3,none,3,0.47778,0.01852,0.37847,0.73056,-1,-1,1,-1
347,3,none,3,0.49167,0.02685,0.37292,0.70093,-1,-1,1,-1
353,3,none,3,0.48819,0.02037,0.37639,0.72778,-1,-1,1,-1
359,3,none,3,0.48681,0.02685,0.37986,0.71574,-1,-1,1,-1
365,3,none,3,0.47778,0.02407,0.37361,0.71574,-1,-1,1,-1
371,3,none,3,0.48472,0.02963,0.36806,0.71296,-1,-1,1,-1
377,3,none,3,0.48611,0.02407,0.36528,0.71667,-1,-1,1,-1
383,3,none,3,0.47500,0.02407,0.37639,0.73056,-1,-1,1,-1
389,3,none,3,0.47292,0.02407,0.37778,0.72778,-1,-1,1,-1
395,3,none,3,0.47847,0.02963,0.36667,0.71944,-1,-1,1,-1
401,3,none,3,0.47153,0.02685,0.37292,0.71667,-1,-1,1,-1
407,3,none,3,0.46597,0.01852,0.39306,0.72222,-1,-1,1,-1
413,3,none,3,0.48333,0.02037,0.37014,0.74259,-1,-1,1,-1
419,3,none,3,0.47778,0.02222,0.36319,0.69815,-1,-1,1,-1
425,3,none,3,0.48125,0.01574,0.35972,0.70185,-1,-1,1,-1
431,3,none,3,0.47639,0.00926,0.36944,0.73426,-1,-1,1,-1
437,3,none,3,0.46667,0.02963,0.37500,0.73056,-1,-1,1,-1
443,3,none,3,0.47292,0.02407,0.37361,0.71667,-1,-1,1,-1
449,3,none,3,0.48125,0.02407,0.36181,0.76019,-1,-1,1,-1
455,3,none,3,0.48125,0.01574,0.36181,0.74259,-1,-1,1,-1
461,3,none,3,0.47847,0.02222,0.36458,0.70833,-1,-1,1,-1
467,3,none,3,0.48333,0.03056,0.35278,0.71111,-1,-1,1,-1
473,3,none,3,0.47847,0.02037,0.37847,0.70463,-1,-1,1,-1
479,3,none,3,0.46944,0.02685,0.38125,0.70185,-1,-1,1,-1
485,3,none,3,0.48681,0.01852,0.37153,0.71667,-1,-1,1,-1
491,3,none,3,0.48611,0.01574,0.37014,0.69815,-1,-1,1,-1
497,3,none,3,0.47847,0.01574,0.36944,0.69259,-1,-1,1,-1
503,3,none,3,0.48125,0.01204,0.36944,0.71667,-1,-1,1,-1
509,3,none,3,0.48333,0.00926,0.36458,0.71296,-1,-1,1,-1
515,3,none,3,0.47500,0.02037,0.37639,0.71111,-1,-1,1,-1
521,3,none,3,0.48611,0.02037,0.35694,0.72222,-1,-1,1,-1
527,3,none,3,0.47778,0.03333,0.37500,0.71944,-1,-1,1,-1
533,4,none,4,0.45000,0.00093,0.25833,0.50741,-1,-1,1,-1
539,4,none,4,0.46319,0.00556,0.24722,0.51574,-1,-1,1,-1
545,4,none,4,0.46111,0.00000,0.25972,0.54167,-1,-1,1,-1
551,4,none,4,0.46319,0.00093,0.26806,0.53704,-1,-1,1,-1
557,4,none,4,0.45139,0.00370,0.28194,0.55000,-1,-1,1,-1
563,4,none,4,0.47153,0.00000,0.26319,0.58981,-1,-1,1,-1
569,4,none,4,0.47292,0.00556,0.26875,0.57130,-1,-1,1,-1
575,4,none,4,0.46806,0.00000,0.28125,0.56296,-1,-1,1,-1
581,4,none,4,0.47500,0.00093,0.28333,0.58611,-1,-1,1,-1
587,4,none,4,0.47986,0.00093,0.27986,0.58981,-1,-1,1,-1
593,4,none,4,0.47292,0.00000,0.29167,0.59815,-1,-1,1,-1
599,4,none,4,0.47500,0.00093,0.30208,0.60926,-1,-1,1,-1
605,4,none,4,0.48333,0.00000,0.29375,0.62778,-1,-1,1,-1
611,4,none,4,0.47986,0.00370,0.30625,0.61852,-1,-1,1,-1
617,4,none,4,0.48958,0.00093,0.30000,0.61296,-1,-1,1,-1
623,4,none,4,0.47847,0.00556,0.32153,0.64815,-1,-1,1,-1
629,4,none,4,0.48819,0.00093,0.31458,0.67500,-1,-1,1,-1
635,4,none,4,0.48611,0.00741,0.32639,0.66667,-1,-1,1,-1
641,4,none,4,0.47847,0.00000,0.34306,0.69352,-1,-1,1,-1
647,4,none,4,0.49306,0.00370,0.32639,0.67870,-1,-1,1,-1
653,4,none,4,0.49931,0.00000,0.33194,0.68611,-1,-1,1,-1
659,4,none,4,0.49653,0.00000,0.33681,0.71111,-1,-1,1,-1
665,4,none,4,0.49444,0.00000,0.35139,0.70185,-1,-1,1,-1
671,4,none,4,0.50278,0.00093,0.34167,0.71111,-1,-1,1,-1
677,4,none,4,0.49931,0.00000,0.35486,0.75185,-1,-1,1,-1
683,4,none,4,0.50000,0.01481,0.40139,0.73148,-1,-1,1,-1
689,4,none,4,0.50764,0.01481,0.36528,0.74907,-1,-1,1,-1
695,4,none,4,0.51458,0.00926,0.35278,0.75741,-1,-1,1,-1
701,4,none,4,0.51806,0.00926,0.35972,0.76389,-1,-1,1,-1
707,4,none,4,0.51111,0.00556,0.37639,0.78704,-1,-1,1,-1
713,4,none,4,0.50625,0.00000,0.39167,0.82778,-1,-1,1,-1
719,4,none,4,0.51597,0.00000,0.38194,0.80000,-1,-1,1,-1
725,4,none,4,0.52083,0.00093,0.37847,0.78981,-1,-1,1,-1
731,4,none,4,0.51319,0.00370,0.38819,0.81667,-1,-1,1,-1
737,4,none,4,0.51944,0.00093,0.37778,0.78333,-1,-1,1,-1
743,4,none,4,0.52083,0.00093,0.37361,0.80185,-1,-1,1,-1
749,4,none,4,0.52500,0.00370,0.37014,0.78981,-1,-1,1,-1
755,4,none,4,0.41528,0.00556,0.17986,0.39352,-1,-1,1,-1
761,4,none,4,0.41944,0.00556,0.18819,0.39074,-1,-1,1,-1
767,4,none,4,0.42292,0.00741,0.19861,0.38889,-1,-1,1,-1
773,4,none,4,0.42778,0.00556,0.19514,0.40000,-1,-1,1,-1
779,4,none,4,0.43264,0.00370,0.19722,0.41667,-1,-1,1,-1
785,4,none,4,0.43611,0.00370,0.20139,0.40926,-1,-1,1,-1
791,4,none,4,0.43958,0.00000,0.21181,0.44167,-1,-1,1,-1
797,4,none,4,0.44167,0.00000,0.22014,0.43519,-1,-1,1,-1
803,4,none,4,0.45139,0.00000,0.21319,0.42963,-1,-1,1,-1
809,4,none,4,0.45625,0.00000,0.22222,0.45648,-1,-1,1,-1
815,4,none,4,0.46111,0.00093,0.22222,0.44167,-1,-1,1,-1
821,4,none,4,0.46111,0.00000,0.22847,0.48241,-1,-1,1,-1
827,4,none,4,0.46667,0.00000,0.23056,0.46759,-1,-1,1,-1
833,4,none,4,0.47153,0.00093,0.23542,0.47130,-1,-1,1,-1
839,4,none,4,0.47500,0.00000,0.24306,0.50093,-1,-1,1,-1
845,4,none,4,0.47431,0.00000,0.25625,0.50093,-1,-1,1,-1
851,4,none,4,0.48125,0.00000,0.25486,0.49259,-1,-1,1,-1
857,4,none,4,0.49792,0.00556,0.23542,0.47778,-1,-1,1,-1
863,4,none,4,0.49444,0.00370,0.26042,0.48889,-1,-1,1,-1
869,4,none,4,0.50278,0.00556,0.26319,0.50000,-1,-1,1,-1
875,4,none,4,0.50278,0.00000,0.26528,0.53704,-1,-1,1,-1
881,4,none,4,0.50000,0.00000,0.28472,0.50741,-1,-1,1,-1
887,4,none,4,0.51458,0.00000,0.27153,0.55185,-1,-1,1,-1
893,4,none,4,0.51944,0.00093,0.27153,0.52963,-1,-1,1,-1
899,4,none,4,0.52500,0.00000,0.27292,0.56296,-1,-1,1,-1
905,4,none,4,0.52153,0.00370,0.28542,0.54167,-1,-1,1,-1
911,4,none,4,0.53125,0.00093,0.27986,0.56481,-1,-1,1,-1
917,4,none,4,0.53819,0.00093,0.29306,0.53889,-1,-1,1,-1
923,4,none,4,0.54653,0.00000,0.28542,0.56296,-1,-1,1,-1
929,4,none,4,0.55139,0.00093,0.29167,0.54537,-1,-1,1,-1
935,4,none,4,0.44653,0.07130,0.06875,0.14907,-1,-1,1,-1
941,4,none,4,0.47847,0.10463,0.06875,0.13889,-1,-1,1,-1
947,4,none,4,0.47500,0.07963,0.06875,0.13704,-1,-1,1,-1
953,4,none,4,0.47292,0.07500,0.07569,0.14259,-1,-1,1,-1
959,4,none,4,0.49167,0.07500,0.06875,0.15370,-1,-1,1,-1
965,4,none,4,0.48681,0.05370,0.07083,0.14259,-1,-1,1,-1
971,4,none,4,0.48681,0.08611,0.06736,0.13704,-1,-1,1,-1
977,4,none,4,0.47639,0.06852,0.07500,0.15185,-1,-1,1,-1
983,4,none,4,0.50764,0.06667,0.07500,0.15741,-1,-1,1,-1
989,4,none,4,0.50486,0.08889,0.07500,0.14815,-1,-1,1,-1
995,4,none,4,0.49306,0.06852,0.07361,0.14074,-1,-1,1,-1
1001,4,none,4,0.50417,0.06667,0.07014,0.16019,-1,-1,1,-1
1007,4,none,4,0.50486,0.06296,0.07569,0.15370,-1,-1,1,-1
1013,4,none,4,0.50000,0.04815,0.08403,0.15185,-1,-1,1,-1
1019,5,none,5,0.18542,0.27500,0.05556,0.10741,-1,-1,1,-1
1025,5,none,5,0.22361,0.27222,0.05694,0.10741,-1,-1,1,-1
1031,5,none,5,0.26181,0.28519,0.05833,0.10741,-1,-1,1,-1
1037,5,none,5,0.30139,0.27500,0.05000,0.09630,-1,-1,1,-1
1043,5,none,5,0.33611,0.28981,0.05556,0.09444,-1,-1,1,-1
1049,5,none,5,0.38681,0.28704,0.04514,0.09815,-1,-1,1,-1
1055,5,none,5,0.41111,0.28148,0.05556,0.10741,-1,-1,1,-1
1061,5,none,5,0.43333,0.28704,0.05208,0.10093,-1,-1,1,-1
1067,5,none,5,0.44931,0.28148,0.05069,0.10741,-1,-1,1,-1
1073,5,none,5,0.46319,0.27500,0.05069,0.11574,-1,-1,1,-1
1079,5,none,5,0.46597,0.26667,0.06389,0.11296,-1,-1,1,-1
1085,5,none,5,0.47847,0.25556,0.06389,0.12593,-1,-1,1,-1
1091,5,none,5,0.49792,0.24907,0.05417,0.12222,-1,-1,1,-1
1097,5,none,5,0.51597,0.24907,0.05556,0.11944,-1,-1,1,-1
1103,5,none,5,0.52292,0.25556,0.05417,0.11574,-1,-1,1,-1
1109,5,none,5,0.51806,0.24907,0.06042,0.12407,-1,-1,1,-1
1115,5,none,5,0.50000,0.24537,0.05833,0.11944,-1,-1,1,-1
1121,5,none,5,0.32986,0.12593,0.17986,0.39074,-1,-1,1,-1
1127,5,none,5,0.33819,0.12407,0.18194,0.38241,-1,-1,1,-1
1133,5,none,5,0.34861,0.11852,0.17639,0.40185,-1,-1,1,-1
1139,5,none,5,0.33958,0.12778,0.20000,0.40833,-1,-1,1,-1
1145,5,none,5,0.35833,0.11944,0.17847,0.39074,-1,-1,1,-1
1151,5,none,5,0.36181,0.13426,0.18194,0.39722,-1,-1,1,-1
1157,5,none,5,0.35139,0.11852,0.19167,0.42037,-1,-1,1,-1
1163,5,none,5,0.35000,0.13426,0.18056,0.38704,-1,-1,1,-1
1169,5,none,5,0.34514,0.11944,0.18333,0.38519,-1,-1,1,-1
1175,5,none,5,0.33125,0.11111,0.18472,0.41667,-1,-1,1,-1
1181,5,none,5,0.32361,0.11574,0.18542,0.38889,-1,-1,1,-1
1187,5,none,5,0.32153,0.11111,0.18194,0.40185,-1,-1,1,-1
1193,5,none,5,0.32847,0.11944,0.17986,0.38241,-1,-1,1,-1
1199,5,none,5,0.31875,0.11111,0.18889,0.41481,-1,-1,1,-1
1205,5,none,5,0.31667,0.10741,0.18333,0.39722,-1,-1,1,-1
1211,5,none,5,0.32014,0.11111,0.18542,0.39444,-1,-1,1,-1
1217,5,none,5,0.31806,0.11296,0.18333,0.40926,-1,-1,1,-1
1223,5,none,5,0.31806,0.11111,0.18889,0.40926,-1,-1,1,-1
1229,5,none,5,0.31806,0.11296,0.18472,0.41852,-1,-1,1,-1
1235,5,none,5,0.31875,0.10370,0.18472,0.41204,-1,-1,1,-1
1241,5,none,5,0.32014,0.10370,0.18056,0.41667,-1,-1,1,-1
1247,5,none,5,0.32153,0.10926,0.17847,0.40833,-1,-1,1,-1
1253,5,none,5,0.31528,0.10926,0.18542,0.41852,-1,-1,1,-1
1253,3,none,3,0.50972,0.03889,0.36319,0.70833,-1,-1,1,-1
1259,3,none,3,0.50486,0.04167,0.37500,0.71667,-1,-1,1,-1
1265,3,none,3,0.50625,0.02963,0.38125,0.71944,-1,-1,1,-1
1271,3,none,3,0.50139,0.02963,0.37014,0.71574,-1,-1,1,-1
1277,3,none,3,0.50486,0.03889,0.36806,0.71111,-1,-1,1,-1
1283,3,none,3,0.49792,0.03889,0.38194,0.71944,-1,-1,1,-1
1289,3,none,3,0.49792,0.03889,0.38472,0.70741,-1,-1,1,-1
1295,3,none,3,0.50000,0.03056,0.37292,0.71296,-1,-1,1,-1
1301,3,none,3,0.49097,0.02963,0.38611,0.71944,-1,-1,1,-1
1307,3,none,3,0.50764,0.03056,0.36458,0.77037,-1,-1,1,-1
1313,3,none,3,0.50764,0.02407,0.36181,0.74630,-1,-1,1,-1
1319,3,none,3,0.49514,0.03056,0.38194,0.71111,-1,-1,1,-1
1325,3,none,3,0.50139,0.02685,0.36944,0.70093,-1,-1,1,-1
1331,3,none,3,0.49514,0.02685,0.39514,0.73056,-1,-1,1,-1
1337,3,none,3,0.49931,0.04167,0.37361,0.71944,-1,-1,1,-1
1343,3,none,3,0.49792,0.03519,0.37847,0.77037,-1,-1,1,-1
1349,3,none,3,0.50764,0.02963,0.36667,0.71574,-1,-1,1,-1
1355,9,none,9,0.04236,0.00741,0.13681,0.30463,-1,-1,1,-1
1355,8,none,8,0.94028,0.04167,0.05694,0.29352,-1,-1,1,-1
1355,5,none,5,0.62986,0.06481,0.14236,0.32778,-1,-1,1,-1
1355,7,none,7,0.33472,0.06019,0.13333,0.30000,-1,-1,1,-1
1361,9,none,9,0.02569,0.01204,0.13125,0.28889,-1,-1,1,-1
1361,7,none,7,0.31458,0.06019,0.13611,0.28241,-1,-1,1,-1
1361,5,none,5,0.60972,0.07593,0.13333,0.28241,-1,-1,1,-1
1361,8,none,8,0.93125,0.04907,0.06597,0.27407,-1,-1,1,-1
1367,9,none,9,0.01042,0.00741,0.13681,0.28148,-1,-1,1,-1
1367,7,none,7,0.29653,0.05000,0.13403,0.30000,-1,-1,1,-1
1367,5,none,5,0.59444,0.07407,0.13681,0.30185,-1,-1,1,-1
1367,8,none,8,0.90903,0.05000,0.08542,0.27037,-1,-1,1,-1
1373,9,none,9,0.00069,0.01481,0.11736,0.28241,-1,-1,1,-1
1373,7,none,7,0.28542,0.06296,0.12361,0.28519,-1,-1,1,-1
1373,5,none,5,0.57292,0.07500,0.13681,0.30000,-1,-1,1,-1
1373,8,none,8,0.89097,0.05370,0.10486,0.26667,-1,-1,1,-1
1379,7,none,7,0.26458,0.06019,0.13056,0.30556,-1,-1,1,-1
1379,5,none,5,0.55139,0.07963,0.14028,0.31111,-1,-1,1,-1
1379,8,none,8,0.86875,0.05000,0.12500,0.28519,-1,-1,1,-1
1379,9,none,9,0.00000,0.01481,0.10000,0.31111,-1,-1,1,-1
1385,9,none,9,0.00000,0.01481,0.08333,0.29630,-1,-1,1,-1
1385,7,none,7,0.24514,0.06481,0.12708,0.29815,-1,-1,1,-1
1385,5,none,5,0.53750,0.06852,0.13681,0.30833,-1,-1,1,-1
1385,8,none,8,0.85069,0.04815,0.12569,0.28148,-1,-1,1,-1
1391,7,none,7,0.22639,0.06296,0.12500,0.28519,-1,-1,1,-1
1391,5,none,5,0.51806,0.06481,0.14028,0.30556,-1,-1,1,-1
1391,8,none,8,0.83125,0.05000,0.12361,0.28519,-1,-1,1,-1
1391,9,none,9,0.00208,0.02037,0.06042,0.26667,-1,-1,1,-1
1397,7,none,7,0.20694,0.06481,0.12500,0.28704,-1,-1,1,-1
1397,5,none,5,0.49653,0.06852,0.13889,0.30000,-1,-1,1,-1
1397,8,none,8,0.80625,0.04537,0.13333,0.28148,-1,-1,1,-1
1403,7,none,7,0.18472,0.06296,0.13333,0.29815,-1,-1,1,-1
1403,5,none,5,0.47986,0.07500,0.13681,0.31481,-1,-1,1,-1
1403,8,none,8,0.78958,0.04815,0.13403,0.27870,-1,-1,1,-1
1409,7,none,7,0.16806,0.05370,0.12847,0.29815,-1,-1,1,-1
1409,5,none,5,0.45347,0.06852,0.14375,0.30185,-1,-1,1,-1
1409,8,none,8,0.76944,0.04167,0.13403,0.28241,-1,-1,1,-1
1415,7,none,7,0.15347,0.06019,0.12986,0.30185,-1,-1,1,-1
1415,5,none,5,0.43819,0.07407,0.14375,0.30833,-1,-1,1,-1
1415,8,none,8,0.75556,0.05370,0.12500,0.27222,-1,-1,1,-1
1421,7,none,7,0.12708,0.06019,0.13056,0.29630,-1,-1,1,-1
1421,5,none,5,0.42014,0.07778,0.13681,0.29074,-1,-1,1,-1
1421,8,none,8,0.73750,0.04815,0.12708,0.27500,-1,-1,1,-1
1427,7,none,7,0.11042,0.06296,0.12569,0.28981,-1,-1,1,-1
1427,8,none,8,0.71389,0.04167,0.13056,0.28704,-1,-1,1,-1
1427,5,none,5,0.40347,0.06667,0.13681,0.30833,-1,-1,1,-1
1433,7,none,7,0.09236,0.06852,0.12569,0.28704,-1,-1,1,-1
1433,5,none,5,0.38611,0.07500,0.13194,0.29352,-1,-1,1,-1
1433,8,none,8,0.69931,0.04537,0.12361,0.28704,-1,-1,1,-1
1439,7,none,7,0.07847,0.06296,0.12222,0.28148,-1,-1,1,-1
1439,5,none,5,0.37014,0.08148,0.12986,0.28241,-1,-1,1,-1
1439,8,none,8,0.67778,0.04815,0.12847,0.25741,-1,-1,1,-1
1445,7,none,7,0.05694,0.06667,0.12153,0.28981,-1,-1,1,-1
1445,5,none,5,0.34514,0.07778,0.13403,0.29352,-1,-1,1,-1
1445,8,none,8,0.66111,0.04815,0.12569,0.28519,-1,-1,1,-1
1451,7,none,7,0.03333,0.06296,0.12708,0.29074,-1,-1,1,-1
1451,5,none,5,0.32639,0.07963,0.13889,0.28981,-1,-1,1,-1
1451,8,none,8,0.64306,0.04537,0.12569,0.28148,-1,-1,1,-1
1457,5,none,5,0.31319,0.07500,0.12569,0.30556,-1,-1,1,-1
1457,7,none,7,0.01875,0.06019,0.12222,0.29630,-1,-1,1,-1
1457,8,none,8,0.62431,0.05000,0.12361,0.28519,-1,-1,1,-1
1463,7,none,7,0.00000,0.06481,0.12500,0.29630,-1,-1,1,-1
1463,5,none,5,0.28542,0.07407,0.14722,0.29074,-1,-1,1,-1
1463,8,none,8,0.60278,0.04537,0.13194,0.27870,-1,-1,1,-1
1463,6,none,6,0.94375,0.02222,0.05208,0.26667,-1,-1,1,-1
1469,7,none,7,0.00000,0.05926,0.10972,0.30185,-1,-1,1,-1
1469,5,none,5,0.26944,0.07593,0.13819,0.28519,-1,-1,1,-1
1469,8,none,8,0.58264,0.04444,0.13125,0.27407,-1,-1,1,-1
1469,6,none,6,0.92708,0.00370,0.06875,0.27407,-1,-1,1,-1
1475,7,none,7,0.00208,0.07500,0.08403,0.28241,-1,-1,1,-1
1475,5,none,5,0.25000,0.07407,0.13819,0.30833,-1,-1,1,-1
1475,8,none,8,0.56597,0.05185,0.12361,0.29074,-1,-1,1,-1
1475,6,none,6,0.90694,0.00926,0.08819,0.29815,-1,-1,1,-1
1481,7,none,7,0.00347,0.08148,0.05903,0.28704,-1,-1,1,-1
1481,5,none,5,0.23333,0.08148,0.13819,0.29815,-1,-1,1,-1
1481,8,none,8,0.54444,0.04815,0.13681,0.28148,-1,-1,1,-1
1481,6,none,6,0.89236,0.00741,0.10347,0.28519,-1,-1,1,-1
1487,7,none,7,0.00000,0.08333,0.04722,0.26019,-1,-1,1,-1
1487,5,none,5,0.21042,0.08333,0.14028,0.30000,-1,-1,1,-1
1487,8,none,8,0.52639,0.05370,0.12847,0.28241,-1,-1,1,-1
1487,6,none,6,0.86736,0.00556,0.12569,0.29630,-1,-1,1,-1
1493,5,none,5,0.19514,0.07778,0.13681,0.28704,-1,-1,1,-1
1493,8,none,8,0.50764,0.05000,0.13194,0.27593,-1,-1,1,-1
1493,6,none,6,0.85069,0.00556,0.13889,0.28981,-1,-1,1,-1
1499,5,none,5,0.17639,0.07130,0.13333,0.31296,-1,-1,1,-1
1499,8,none,8,0.48958,0.04444,0.12569,0.29074,-1,-1,1,-1
1499,6,none,6,0.82917,0.00556,0.14653,0.29630,-1,-1,1,-1
1505,5,none,5,0.15694,0.07407,0.13403,0.30000,-1,-1,1,-1
1505,8,none,8,0.47014,0.04815,0.12708,0.26667,-1,-1,1,-1
1505,6,none,6,0.81111,0.00741,0.14028,0.27500,-1,-1,1,-1
1511,5,none,5,0.13542,0.07778,0.13681,0.32037,-1,-1,1,-1
1511,8,none,8,0.45000,0.04537,0.13333,0.28981,-1,-1,1,-1
1511,6,none,6,0.79097,0.00000,0.14028,0.29074,-1,-1,1,-1
1517,5,none,5,0.11528,0.06852,0.15000,0.32315,-1,-1,1,-1
1517,8,none,8,0.43125,0.03704,0.13403,0.30556,-1,-1,1,-1
1517,6,none,6,0.77292,0.00370,0.14514,0.32315,-1,-1,1,-1
1523,5,none,5,0.10069,0.08148,0.13333,0.29815,-1,-1,1,-1
1523,8,none,8,0.41528,0.05370,0.12500,0.27870,-1,-1,1,-1
1523,6,none,6,0.75417,0.00556,0.14375,0.27593,-1,-1,1,-1
1529,5,none,5,0.08403,0.07407,0.13819,0.30463,-1,-1,1,-1
1529,8,none,8,0.39792,0.05370,0.13194,0.29630,-1,-1,1,-1
1529,6,none,6,0.73750,0.00556,0.14375,0.28704,-1,-1,1,-1
1535,5,none,5,0.05556,0.07407,0.14375,0.30556,-1,-1,1,-1
1535,8,none,8,0.37292,0.04444,0.13403,0.28241,-1,-1,1,-1
1535,6,none,6,0.71597,0.00556,0.14028,0.27222,-1,-1,1,-1
1541,6,none,6,0.70069,0.00556,0.13681,0.27500,-1,-1,1,-1
1541,8,none,8,0.35278,0.04815,0.12708,0.27500,-1,-1,1,-1
1541,5,none,5,0.04236,0.06852,0.13542,0.31296,-1,-1,1,-1
1547,5,none,5,0.02083,0.07778,0.13819,0.31111,-1,-1,1,-1
1547,8,none,8,0.33472,0.05000,0.13194,0.29630,-1,-1,1,-1
1547,6,none,6,0.67917,0.00000,0.14375,0.29630,-1,-1,1,-1
1553,8,none,8,0.32153,0.05370,0.12569,0.27222,-1,-1,1,-1
1553,6,none,6,0.66250,0.00093,0.13681,0.29630,-1,-1,1,-1
1553,5,none,5,0.00903,0.07407,0.13403,0.28981,-1,-1,1,-1
1559,6,none,6,0.64236,0.00370,0.14028,0.29630,-1,-1,1,-1
1559,8,none,8,0.30139,0.04537,0.12847,0.28519,-1,-1,1,-1
1559,5,none,5,0.00000,0.07778,0.12222,0.31296,-1,-1,1,-1
1565,5,none,5,0.00000,0.07778,0.10694,0.29074,-1,-1,1,-1
1565,8,none,8,0.27986,0.05370,0.13333,0.26111,-1,-1,1,-1
1565,6,none,6,0.62153,0.00556,0.14236,0.26759,-1,-1,1,-1
1571,6,none,6,0.60764,0.00093,0.13889,0.26759,-1,-1,1,-1
1571,8,none,8,0.26181,0.04815,0.12986,0.28148,-1,-1,1,-1
1571,5,none,5,0.00069,0.07963,0.08333,0.29074,-1,-1,1,-1
1577,5,none,5,0.00069,0.08148,0.06250,0.29352,-1,-1,1,-1
1577,8,none,8,0.24722,0.04537,0.12500,0.28241,-1,-1,1,-1
1577,6,none,6,0.58611,0.00556,0.14375,0.28704,-1,-1,1,-1
1577,10,none,10,0.92847,0.02222,0.06667,0.28981,-1,-1,1,-1
1583,10,none,10,0.91042,0.03333,0.08889,0.28519,-1,-1,1,-1
1583,6,none,6,0.56597,0.00370,0.14653,0.27870,-1,-1,1,-1
1583,8,none,8,0.22361,0.04815,0.13542,0.27500,-1,-1,1,-1
1583,5,none,5,0.00000,0.07407,0.04583,0.29352,-1,-1,1,-1
1589,10,none,10,0.88264,0.03889,0.11319,0.30000,-1,-1,1,-1
1589,6,none,6,0.54444,0.01204,0.14861,0.26111,-1,-1,1,-1
1589,8,none,8,0.20000,0.04815,0.13194,0.28241,-1,-1,1,-1
1595,8,none,8,0.18819,0.03519,0.12569,0.30185,-1,-1,1,-1
1595,6,none,6,0.52778,0.00000,0.13681,0.29815,-1,-1,1,-1
1595,10,none,10,0.86042,0.03704,0.13542,0.30833,-1,-1,1,-1
1601,8,none,8,0.17014,0.05000,0.12222,0.29074,-1,-1,1,-1
1601,6,none,6,0.51597,0.00741,0.13056,0.31111,-1,-1,1,-1
1601,10,none,10,0.85208,0.03333,0.13333,0.30833,-1,-1,1,-1
1607,8,none,8,0.14722,0.05185,0.12847,0.27222,-1,-1,1,-1
1607,6,none,6,0.48819,0.00741,0.14167,0.26111,-1,-1,1,-1
1607,10,none,10,0.83125,0.03519,0.14028,0.27870,-1,-1,1,-1
1613,10,none,10,0.81250,0.03056,0.13333,0.31296,-1,-1,1,-1
1613,6,none,6,0.46667,0.00741,0.14514,0.28981,-1,-1,1,-1
1613,8,none,8,0.12986,0.04815,0.13056,0.27870,-1,-1,1,-1
1619,10,none,10,0.79444,0.03519,0.13403,0.29074,-1,-1,1,-1
1619,6,none,6,0.45486,0.00370,0.13889,0.30185,-1,-1,1,-1
1619,8,none,8,0.11042,0.04537,0.12569,0.28148,-1,-1,1,-1
1625,10,none,10,0.78125,0.03333,0.13681,0.30000,-1,-1,1,-1
1625,6,none,6,0.43681,0.00370,0.13819,0.30556,-1,-1,1,-1
1625,8,none,8,0.10000,0.05000,0.12222,0.27870,-1,-1,1,-1
1631,8,none,8,0.09722,0.04537,0.12708,0.27037,-1,-1,1,-1
1631,6,none,6,0.43472,0.00556,0.14514,0.27593,-1,-1,1,-1
1631,10,none,10,0.77917,0.03889,0.13403,0.29352,-1,-1,1,-1
1637,8,none,8,0.09236,0.04537,0.12847,0.27870,-1,-1,1,-1
1637,6,none,6,0.43819,0.00741,0.14722,0.26667,-1,-1,1,-1
1637,10,none,10,0.77708,0.03519,0.13681,0.31111,-1,-1,1,-1
1643,8,none,8,0.09653,0.04815,0.12569,0.28704,-1,-1,1,-1
1643,6,none,6,0.44306,0.00370,0.13403,0.31481,-1,-1,1,-1
1643,10,none,10,0.78403,0.03056,0.13194,0.31481,-1,-1,1,-1
1649,8,none,8,0.09236,0.05185,0.13194,0.26759,-1,-1,1,-1
1649,6,none,6,0.44097,0.00556,0.13819,0.27500,-1,-1,1,-1
1649,10,none,10,0.77569,0.03704,0.14653,0.28519,-1,-1,1,-1
1655,8,none,8,0.09722,0.05000,0.12500,0.27870,-1,-1,1,-1
1655,6,none,6,0.44167,0.00741,0.13403,0.28241,-1,-1,1,-1
1655,10,none,10,0.78264,0.03056,0.12986,0.30000,-1,-1,1,-1
1661,8,none,8,0.09375,0.04444,0.12986,0.27222,-1,-1,1,-1
1661,6,none,6,0.44097,0.00370,0.13819,0.27222,-1,-1,1,-1
1661,10,none,10,0.77778,0.03704,0.14167,0.28519,-1,-1,1,-1
1667,10,none,10,0.77917,0.04167,0.13194,0.28519,-1,-1,1,-1
1667,6,none,6,0.43681,0.00556,0.14028,0.28148,-1,-1,1,-1
1667,8,none,8,0.09514,0.04815,0.13056,0.27222,-1,-1,1,-1
1673,8,none,8,0.09375,0.04537,0.13681,0.28519,-1,-1,1,-1
1673,6,none,6,0.43472,0.00000,0.14653,0.30556,-1,-1,1,-1
1673,10,none,10,0.77431,0.03704,0.14722,0.29352,-1,-1,1,-1
1679,3,none,3,0.48611,0.03333,0.37153,0.69815,-1,-1,1,-1
1685,3,none,3,0.48125,0.01204,0.37292,0.70093,-1,-1,1,-1
1691,3,none,3,0.47986,0.01574,0.38194,0.69259,-1,-1,1,-1
1697,3,none,3,0.48819,0.02407,0.37014,0.71667,-1,-1,1,-1
1703,3,none,3,0.48472,0.01852,0.38472,0.73056,-1,-1,1,-1
1709,3,none,3,0.48333,0.01852,0.38819,0.71944,-1,-1,1,-1
1715,3,none,3,0.49514,0.02407,0.36319,0.72593,-1,-1,1,-1
1721,3,none,3,0.48611,0.02037,0.38194,0.71574,-1,-1,1,-1
1727,3,none,3,0.48472,0.03056,0.37500,0.71111,-1,-1,1,-1
1733,3,none,3,0.49167,0.02037,0.36458,0.70741,-1,-1,1,-1
1739,3,none,3,0.49167,0.01852,0.36806,0.75370,-1,-1,1,-1
1745,3,none,3,0.49097,0.02222,0.37292,0.71296,-1,-1,1,-1
1751,3,none,3,0.48958,0.03704,0.37292,0.71111,-1,-1,1,-1
1757,3,none,3,0.49097,0.02037,0.39028,0.70833,-1,-1,1,-1
1763,3,none,3,0.49444,0.02407,0.37153,0.70741,-1,-1,1,-1
1769,3,none,3,0.49514,0.02407,0.36181,0.71944,-1,-1,1,-1
1775,3,none,3,0.49167,0.03889,0.37014,0.70741,-1,-1,1,-1
1781,3,none,3,0.49167,0.02685,0.37292,0.73796,-1,-1,1,-1
1787,3,none,3,0.50000,0.03333,0.35694,0.67778,-1,-1,1,-1
1793,3,none,3,0.50000,0.03333,0.35625,0.72778,-1,-1,1,-1
1799,3,none,3,0.49931,0.02685,0.36111,0.69259,-1,-1,1,-1
1805,3,none,3,0.50417,0.02222,0.37153,0.68611,-1,-1,1,-1
1811,3,none,3,0.50000,0.02222,0.37153,0.71111,-1,-1,1,-1
1817,3,none,3,0.50417,0.01204,0.36111,0.69815,-1,-1,1,-1
1823,3,none,3,0.48958,0.02963,0.38958,0.68981,-1,-1,1,-1
1829,3,none,3,0.49931,0.01852,0.37361,0.71111,-1,-1,1,-1
1835,3,none,3,0.50486,0.02963,0.36111,0.69352,-1,-1,1,-1
1841,3,none,3,0.49167,0.01481,0.38125,0.71574,-1,-1,1,-1
1847,3,none,3,0.50000,0.03704,0.37778,0.70463,-1,-1,1,-1
1853,3,none,3,0.50139,0.03333,0.37500,0.70463,-1,-1,1,-1
1859,3,none,3,0.50486,0.03056,0.37639,0.69630,-1,-1,1,-1
